{
  "C1": {
    "degree_centrality": {
      "Epoxy": 0.42307692307692313,
      "PA6": 0.15384615384615385,
      "NBR": 0.15384615384615385,
      "CNBR": 0.15384615384615385
    },
    "weighted_degree": {
      "Epoxy": 889.5633971291866,
      "PA6": 3822.857142857142,
      "NBR": 1648.1927710843374,
      "CNBR": 2076.4150943396226
    },
    "betweenness_centrality": {
      "Epoxy": 0.16923076923076924,
      "PA6": 0.01846153846153846,
      "NBR": 0.01846153846153846,
      "CNBR": 0.01846153846153846
    }
  },
  "C2": {
    "degree_centrality": {
      "PMA": 0.10909090909090909,
      "PCL": 0.32727272727272727,
      "Epoxy": 0.10909090909090909,
      "PP": 0.03636363636363636,
      "PE": 0.01818181818181818,
      "PS": 0.05454545454545454,
      "LLDPE": 0.10909090909090909,
      "Nylon 6": 0.01818181818181818,
      "PLA/PBAT": 0.07272727272727272
    },
    "weighted_degree": {
      "PMA": 12318.18181818182,
      "PCL": 527.7668845315902,
      "Epoxy": 296.6666666666667,
      "PP": 213.41991341991337,
      "PE": 76.47058823529413,
      "PS": 294.44444444444446,
      "LLDPE": 282.29665071770336,
      "Nylon 6": 252.63157894736844,
      "PLA/PBAT": 230.98725459965056
    },
    "betweenness_centrality": {
      "PMA": 0.010101010101010102,
      "PCL": 0.10303030303030304,
      "Epoxy": 0.010101010101010102,
      "PP": 0.0006734006734006734,
      "PE": 0.0,
      "PS": 0.00202020202020202,
      "LLDPE": 0.010101010101010102,
      "Nylon 6": 0.0,
      "PLA/PBAT": 0.00404040404040404
    }
  },
  "C3": {
    "degree_centrality": {
      " Dimethacrylate Copolymer": 0.043010752688172046,
      "PU": 0.021505376344086023,
      "HDPE": 0.06451612903225806,
      "DGEBA": 0.12903225806451613,
      "Epoxy": 0.23655913978494625,
      "Nylon 6": 0.043010752688172046,
      "PS": 0.03225806451612903,
      "Nylon66": 0.09677419354838711,
      "PA6": 0.03225806451612903,
      "PP": 0.06451612903225806,
      "PP/EPDM": 0.08602150537634409,
      "PLA/PBAT": 0.03225806451612903
    },
    "weighted_degree": {
      " Dimethacrylate Copolymer": 248.14814814814812,
      "PU": 79.56989247311827,
      "HDPE": 60.398293029872,
      "DGEBA": 321.1111111111111,
      "Epoxy": 1517.089122211617,
      "Nylon 6": 511.2499999999999,
      "PS": 124.59016393442624,
      "Nylon66": 346.4658169177289,
      "PA6": 73.03370786516852,
      "PP": 416.66666666666674,
      "PP/EPDM": 93.31456720619278,
      "PLA/PBAT": 91.71597633136093
    },
    "betweenness_centrality": {
      " Dimethacrylate Copolymer": 0.001402524544179523,
      "PU": 0.0002337540906965872,
      "HDPE": 0.003506311360448808,
      "DGEBA": 0.015427769985974756,
      "Epoxy": 0.053997194950911646,
      "Nylon 6": 0.001402524544179523,
      "PS": 0.0007012622720897616,
      "Nylon66": 0.008415147265077139,
      "PA6": 0.0007012622720897616,
      "PP": 0.003506311360448808,
      "PP/EPDM": 0.0065451145395044414,
      "PLA/PBAT": 0.0007012622720897616
    }
  },
  "C4": {
    "degree_centrality": {
      "PVP": 0.0037267080745341614,
      "PP": 0.07701863354037268,
      "Epoxy": 0.26832298136645966,
      "Bis-GMA/TTEGDMA": 0.006211180124223603,
      "PLA": 0.02111801242236025,
      "PBT": 0.004968944099378882,
      "PMMA": 0.027329192546583853,
      "PA6": 0.14285714285714285,
      "NR": 0.0037267080745341614,
      "PHBV": 0.0037267080745341614,
      "PVA": 0.009937888198757764,
      "Nylon 6 ": 0.012422360248447206,
      "PA": 0.008695652173913044,
      "PI": 0.0037267080745341614,
      "PSF": 0.0037267080745341614,
      "PS": 0.008695652173913044,
      "PLLA": 0.009937888198757764,
      "Nylon 6": 0.06832298136645963,
      "Chitosan": 0.004968944099378882,
      "PA6/PP": 0.006211180124223603,
      "PLA/PP": 0.0012422360248447205,
      "NBR/PU": 0.0037267080745341614,
      "PVC": 0.002484472049689441,
      "PE": 0.0012422360248447205,
      "UP": 0.01987577639751553,
      "Nylon 7": 0.0012422360248447205,
      "Nylon 8": 0.0012422360248447205,
      "DGEBA ": 0.0012422360248447205,
      "MGSL135i": 0.0012422360248447205,
      "DGEBA": 0.09565217391304348,
      "Nylon 66": 0.0012422360248447205,
      "Vinyl ester": 0.0037267080745341614,
      "rPET": 0.007453416149068323,
      "PU": 0.0037267080745341614,
      "PP/PLA": 0.012422360248447206,
      "Vinyl Ester": 0.0037267080745341614,
      "PA12": 0.04720496894409938,
      "BIOPA11": 0.004968944099378882,
      "PP/PC": 0.008695652173913044,
      "EPON 828": 0.004968944099378882,
      "PPH1": 0.0012422360248447205,
      "PPH1/PP": 0.0012422360248447205,
      "PPH2": 0.0012422360248447205,
      "PPH2/PP": 0.0012422360248447205,
      "PPH3": 0.0012422360248447205,
      "PPH3/PP": 0.0012422360248447205,
      "PPH4": 0.0012422360248447205,
      "PPH4/PP": 0.0012422360248447205,
      "DGEAC": 0.006211180124223603
    },
    "weighted_degree": {
      "PVP": 612.8205128205129,
      "PP": 1605.2324498415946,
      "Epoxy": 6386.09502316866,
      "Bis-GMA/TTEGDMA": 1.6666666666666314,
      "PLA": 326.9383394383394,
      "PBT": 196.09523809523805,
      "PMMA": 1219.045884343585,
      "PA6": 5284.975265523546,
      "NR": 67.27272727272728,
      "PHBV": 179.99999999999994,
      "PVA": 1466.6666666666667,
      "Nylon 6 ": 674.4144144144143,
      "PA": 384.20454545454555,
      "PI": 87.53738783649058,
      "PSF": 66.99999999999999,
      "PS": 131.05207187385403,
      "PLLA": 198.04878048780495,
      "Nylon 6": 2569.237683950308,
      "Chitosan": 205.03080082135523,
      "PA6/PP": 110.80836236933797,
      "PLA/PP": 30.000000000000004,
      "NBR/PU": 57.913669064748234,
      "PVC": 54.31654676258994,
      "PE": 48.14814814814814,
      "UP": 211.50312601638234,
      "Nylon 7": 18.57142857142858,
      "Nylon 8": 11.428571428571425,
      "DGEBA ": 3.8610038610038644,
      "MGSL135i": 7.012195121951219,
      "DGEBA": 1315.7865912472175,
      "Nylon 66": 39.83402489626556,
      "Vinyl ester": 20.91690544412606,
      "rPET": 81.63265306122445,
      "PU": 127.82608695652178,
      "PP/PLA": 180.4759876573106,
      "Vinyl Ester": 20.91690544412606,
      "PA12": 1767.8571428571433,
      "BIOPA11": 229.02684563758396,
      "PP/PC": 268.0724789915967,
      "EPON 828": 37.80033360542287,
      "PPH1": 14.082720121796513,
      "PPH1/PP": 26.51611266176097,
      "PPH2": 3.08483290488431,
      "PPH2/PP": 5.912596401028277,
      "PPH3": 14.921630094043886,
      "PPH3/PP": 17.617554858934163,
      "PPH4": 4.496951219512208,
      "PPH4/PP": 13.1859756097561,
      "DGEAC": 121.73913043478264
    },
    "betweenness_centrality": {
      "PVP": 9.270418095856124e-06,
      "PP": 0.005843453539754643,
      "Epoxy": 0.07208522604369458,
      "Bis-GMA/TTEGDMA": 3.0901393652853744e-05,
      "PLA": 0.00042025895367881096,
      "PBT": 1.854083619171225e-05,
      "PMMA": 0.0007138221933809215,
      "PA6": 0.02025586353944563,
      "NR": 9.270418095856124e-06,
      "PHBV": 9.270418095856124e-06,
      "PVA": 8.652390222799049e-05,
      "Nylon 6 ": 0.00015296189858162603,
      "PA": 6.489292667099287e-05,
      "PI": 9.270418095856124e-06,
      "PSF": 9.270418095856124e-06,
      "PS": 6.489292667099287e-05,
      "PLLA": 8.652390222799049e-05,
      "Nylon 6": 0.004672290720311487,
      "Chitosan": 1.854083619171225e-05,
      "PA6/PP": 3.0901393652853744e-05,
      "PLA/PP": 0.0,
      "NBR/PU": 9.270418095856124e-06,
      "PVC": 3.0901393652853745e-06,
      "PE": 0.0,
      "UP": 0.00039399276907388527,
      "Nylon 7": 0.0,
      "Nylon 8": 0.0,
      "DGEBA ": 0.0,
      "MGSL135i": 0.0,
      "DGEBA": 0.009508358826983098,
      "Nylon 66": 0.0,
      "Vinyl ester": 9.270418095856124e-06,
      "rPET": 4.6352090479280616e-05,
      "PU": 9.270418095856124e-06,
      "PP/PLA": 0.00013905627143784185,
      "Vinyl Ester": 9.270418095856124e-06,
      "PA12": 0.0022295355520533977,
      "BIOPA11": 1.854083619171225e-05,